,State
0,AK
1,AK
2,AK
3,AK
5,AK
6,AK
7,AL
8,AL
9,AL
10,AL
11,AL
12,AL
13,AL
14,AL
15,AL
16,AL
17,AL
18,AL
19,AL
20,AL
21,AL
22,AL
23,AL
24,AL
25,AL
26,AL
27,AL
28,AL
29,AL
30,AL
31,AL
32,AL
33,AL
34,AL
35,AL
36,AL
37,AL
38,AL
39,AL
40,AL
41,AL
42,AL
43,AL
44,AL
45,AL
46,AL
47,AL
48,AL
49,AL
50,AL
51,AL
52,AL
53,AL
54,AL
55,AL
56,AL
57,AL
58,GA
59,AL
60,AL
61,AL
62,AL
63,AL
64,AR
65,AR
66,AR
67,AR
68,AR
69,AR
70,AR
71,AR
72,AR
73,AR
74,AR
75,AR
76,AR
77,AR
78,AR
79,AR
80,AR
81,AR
82,AR
83,AR
84,AR
85,AR
86,AR
87,AR
88,AR
89,AR
90,AR
91,AR
92,AR
93,AR
94,AR
95,AR
96,AR
97,AR
98,AR
99,AR
100,AR
101,AR
102,AR
103,AR
104,AR
105,AR
106,AR
107,AR
108,AR
109,AR
110,AR
111,AR
112,AR
113,AR
114,AR
115,AR
116,AR
117,AR
118,AR
119,AR
120,AR
121,AR
122,AR
123,AR
124,AR
125,AR
126,AR
127,AZ
128,AZ
129,AZ
130,AZ
131,AZ
132,AZ
133,AZ
134,AZ
135,AZ
136,AZ
137,AZ
138,AZ
139,AZ
140,AZ
141,AZ
142,AZ
143,AZ
144,AZ
145,AZ
146,AZ
147,AZ
148,CA
149,CA
150,CA
151,CA
152,CA
153,CA
154,CA
155,CA
156,CA
157,CA
158,CA
159,CA
160,CA
161,CA
162,CA
163,CA
164,CA
165,CA
166,CA
167,CA
168,CA
169,CA
170,CA
171,CA
172,CA
173,CA
174,CA
175,CA
176,CA
177,CA
178,CA
179,CA
180,CA
181,CA
182,CA
183,CA
184,CA
185,CA
186,CA
187,CA
188,CA
189,CA
190,CA
191,CA
192,CA
193,CA
194,CA
195,CA
196,CA
197,CA
198,CA
199,CA
200,CA
201,CA
202,CA
203,CA
204,CA
206,CA
207,CA
208,CA
209,CA
210,CA
211,CA
212,CA
213,CA
214,CA
215,CA
216,CA
217,CA
218,CA
219,CA
220,CA
221,CA
222,CA
223,CA
224,CA
225,CA
226,CA
227,CA
228,CA
229,CA
230,CA
231,CA
232,CA
233,CA
234,CA
235,OR
236,CA
237,CA
238,CA
239,CA
240,CA
241,CA
242,CA
243,CA
244,CA
245,CA
246,CA
247,CA
248,CA
249,CA
250,CA
251,CA
310,NY
321,CO
322,CO
323,CO
324,CO
325,CO
326,CO
327,CO
328,CO
329,CO
330,CO
331,CO
332,CO
333,CO
334,CO
335,CO
336,CO
337,CO
338,CO
339,CO
340,CO
341,CO
342,CO
343,CO
344,CO
345,CO
346,CO
347,CO
348,CO
349,CO
350,CO
351,CO
352,CO
353,CO
354,CO
355,CO
356,CO
357,CO
358,CO
359,CO
360,CO
361,CO
362,CO
363,CO
364,CO
365,CO
366,CO
367,CO
368,CO
369,CO
370,CO
371,CO
372,CO
373,CO
374,CO
375,CO
376,CO
377,CO
378,CO
379,CO
380,CO
381,CO
382,CT
383,CT
384,CT
385,CT
386,CT
387,FL
388,FL
389,FL
390,FL
391,FL
392,FL
393,FL
394,FL
395,FL
396,FL
397,FL
398,FL
399,FL
400,FL
401,FL
402,FL
403,FL
404,FL
405,FL
406,FL
407,FL
408,FL
409,FL
410,FL
411,FL
412,FL
413,FL
414,FL
415,FL
416,FL
417,FL
418,FL
419,FL
420,FL
421,FL
422,FL
423,FL
424,FL
425,FL
426,FL
427,FL
428,FL
429,FL
430,FL
431,FL
432,FL
433,FL
434,FL
435,FL
436,FL
437,FL
438,FL
439,FL
440,FL
441,FL
442,FL
443,FL
444,FL
445,FL
446,FL
447,FL
448,FL
449,FL
450,FL
451,FL
452,FL
453,FL
454,FL
455,FL
456,FL
457,FL
458,FL
459,FL
460,FL
461,FL
462,FL
463,FL
464,FL
465,FL
466,FL
467,FL
468,FL
469,FL
470,FL
471,FL
472,FL
473,FL
474,FL
475,FL
476,FL
477,FL
478,FL
479,FL
480,FL
481,FL
482,FL
483,FL
484,FL
485,FL
486,FL
487,FL
488,FL
489,FL
490,FL
491,FL
492,FL
493,FL
494,FL
495,FL
496,FL
497,FL
498,FL
499,FL
500,FL
501,FL
502,FL
503,FL
504,FL
505,FL
506,GA
507,FL
508,FL
509,FL
510,FL
511,FL
512,FL
513,FL
514,FL
515,FL
516,FL
517,FL
518,FL
519,FL
520,FL
521,FL
522,FL
523,FL
524,FL
525,FL
526,FL
527,FL
528,FL
529,FL
530,FL
531,GA
532,GA
533,GA
534,GA
535,GA
536,GA
537,GA
538,GA
539,GA
540,GA
541,GA
542,GA
543,GA
544,GA
545,GA
546,GA
547,GA
548,GA
549,GA
550,GA
551,GA
552,GA
553,GA
554,GA
555,GA
556,GA
557,GA
558,GA
559,GA
560,GA
561,GA
562,GA
563,GA
564,GA
565,GA
566,GA
567,GA
568,GA
569,GA
570,GA
571,GA
572,GA
573,GA
574,GA
575,GA
576,GA
577,GA
578,GA
579,GA
580,GA
581,GA
582,GA
583,GA
584,GA
585,GA
586,GA
587,GA
588,GA
589,GA
590,GA
591,GA
592,IA
593,IA
594,IA
595,IA
596,IA
597,IA
598,IA
599,IA
600,IA
601,IA
602,IA
603,IA
604,IA
605,IA
606,IA
607,IA
608,IA
609,IA
610,IA
611,IA
612,IA
613,IA
614,IA
615,ID
616,ID
617,ID
618,ID
619,ID
620,ID
621,ID
622,ID
623,ID
624,ID
625,ID
626,ID
627,ID
628,ID
629,ID
630,ID
631,ID
632,ID
633,ID
634,ID
635,ID
636,ID
637,ID
638,ID
639,ID
640,ID
642,ID
643,ID
644,ID
645,ID
646,ID
647,ID
648,ID
649,ID
650,ID
651,IL
652,IL
653,IL
654,IL
655,IL
656,IL
657,IL
658,IL
659,IL
660,IL
661,IL
662,IL
663,IL
664,IL
665,IL
666,IL
667,IL
668,IN
669,IL
670,IL
671,IL
672,IL
673,IL
674,IL
675,IL
676,IL
677,IL
678,IL
679,IL
680,IL
681,IL
682,IL
683,IL
684,IL
685,IL
686,IL
687,IL
688,IL
689,IL
690,IL
691,IL
692,IL
693,IL
694,IL
695,IL
696,IL
697,IL
698,IL
699,IL
700,IL
701,IL
702,IL
703,IL
704,IL
705,IL
706,IL
707,IL
708,IL
709,IL
710,IL
711,IL
712,IL
713,IL
714,IL
715,IL
716,IL
717,IL
718,IL
719,IL
720,IL
721,IL
722,IL
723,IL
724,IL
725,IL
726,IL
727,IL
728,IL
729,IL
730,IL
731,IL
732,IL
733,IL
734,IL
735,IL
736,IL
737,IL
738,IL
739,IL
740,IL
741,IL
742,IL
743,IL
744,IL
745,IL
746,IL
747,IL
748,IL
749,IL
750,IL
751,IL
752,IL
753,IL
754,IL
755,IL
756,IL
757,IL
758,IL
759,IL
760,IL
761,IN
762,IN
763,IN
764,IN
765,IN
766,IN
767,IN
768,IN
769,IN
770,IN
771,IN
772,IN
773,IN
774,IN
775,IN
776,IN
777,IN
778,IN
779,IN
780,IN
781,IN
782,IN
783,KS
784,KS
785,KS
786,KS
787,KS
788,KS
789,KS
790,KS
791,KS
792,KS
793,KS
794,KS
795,KS
796,KS
797,KS
798,KS
799,KS
800,KS
801,KS
802,KS
803,KS
804,MO
805,KS
806,IL
807,MO
808,KS
809,KY
810,KY
811,KY
812,KY
813,KY
814,KY
815,KY
816,KY
817,KY
818,KY
819,KY
820,KY
821,KY
822,KY
823,KY
824,KY
825,KY
826,KY
827,KY
828,KY
829,KY
830,KY
831,KY
832,KY
833,KY
834,KY
835,KY
836,KY
837,KY
838,KY
839,KY
840,KY
841,KY
842,KY
843,KY
844,KY
845,KY
846,KY
847,KY
848,KY
849,KY
850,KY
851,KY
852,KY
853,KY
854,KY
855,KY
856,KY
857,KY
858,KY
859,KY
860,KY
861,KY
862,KY
863,KY
864,KY
865,KY
866,KY
867,KY
868,WV
869,KY
870,KY
871,LA
872,LA
873,LA
874,LA
875,LA
876,LA
877,LA
878,LA
879,LA
880,LA
881,LA
882,LA
883,LA
884,LA
885,LA
886,LA
887,LA
888,LA
889,LA
890,LA
891,LA
892,LA
893,LA
894,LA
895,MA
896,MA
897,MA
898,MA
899,MA
900,MD
901,MD
902,ME
903,MI
904,MI
905,MI
906,MI
907,MI
908,MI
909,MI
910,MI
911,MI
912,MI
913,MI
914,MI
915,MI
916,MI
917,MI
918,MI
919,MI
920,MI
921,MI
922,MI
923,MI
924,MI
925,MI
926,MI
927,MI
928,MI
929,MI
930,MI
931,MI
932,MI
933,MI
934,MI
935,MI
936,MI
937,MI
938,MI
939,MI
940,MI
941,MI
942,MI
943,MI
944,MI
945,MI
946,MI
947,MI
948,MI
949,MI
950,MI
951,MI
952,MI
953,MI
954,MI
955,MI
956,MI
957,MI
958,MI
959,MI
960,MI
961,MI
962,MI
963,MI
964,MI
965,MI
966,MI
967,MI
968,MI
969,MI
970,MI
971,MI
972,MI
973,MI
974,MI
975,MN
976,MN
977,MN
978,MN
979,MN
980,MN
981,MN
982,MN
983,MN
984,MN
985,MN
986,MN
987,MN
988,MN
989,MN
990,MO
991,MO
992,MO
993,MO
994,MO
995,MO
996,MO
997,MO
998,MO
999,MO
1000,MO
1001,MO
1002,MO
1003,MO
1004,MO
1005,MO
1006,MO
1007,MO
1008,MO
1009,MO
1010,MO
1011,MO
1012,MO
1013,MO
1014,MO
1015,MO
1016,MO
1017,MO
1018,MO
1019,TN
1020,MO
1021,MO
1022,MO
1023,MO
1024,MO
1025,MO
1026,MO
1027,MO
1028,MO
1029,MO
1030,MO
1031,MO
1032,MO
1033,MO
1034,MO
1035,MO
1036,MO
1037,MO
1038,MO
1039,MO
1040,MO
1041,MO
1042,MO
1043,MO
1044,MO
1045,AR
1046,MO
1047,MO
1048,MO
1049,MO
1050,MO
1051,MO
1052,MO
1053,MO
1054,MO
1055,AR
1056,MO
1057,MO
1058,MO
1059,MO
1060,MO
1061,MO
1062,MO
1063,MO
1064,MO
1065,MO
1066,MO
1067,MO
1068,MO
1069,MO
1070,MO
1071,MO
1072,MO
1073,MS
1074,MS
1075,MS
1076,MS
1077,MS
1078,MS
1079,MS
1080,MS
1081,MS
1082,MS
1083,MS
1084,MS
1085,MS
1086,MS
1087,MS
1088,MT
1089,MT
1090,MT
1091,MT
1092,MT
1093,MT
1094,MT
1095,MT
1096,MT
1097,MT
1098,MT
1099,MT
1100,MT
1101,MT
1102,MT
1103,MT
1104,MT
1105,MT
1106,MT
1107,MT
1108,MT
1109,ID
1110,NC
1111,NC
1112,NC
1113,NC
1114,NC
1115,NC
1116,NC
1117,NC
1118,NC
1119,NC
1120,NC
1121,NC
1122,NC
1123,NC
1124,NC
1125,NC
1126,NC
1127,NC
1128,NC
1129,NC
1131,NC
1132,NC
1133,NC
1134,NC
1135,NC
1136,NC
1137,NC
1138,NC
1139,NC
1140,NC
1141,NC
1142,NC
1143,NC
1144,NC
1145,NC
1146,NC
1147,ND
1148,ND
1149,ND
1150,NE
1151,NE
1152,NE
1153,NE
1154,NE
1155,NE
1156,NE
1157,NE
1158,NH
1159,NJ
1160,NJ
1161,NJ
1162,NJ
1163,NJ
1164,NJ
1165,NJ
1166,NJ
1167,IN
1168,NJ
1169,NJ
1170,NJ
1171,NJ
1172,NJ
1173,NJ
1174,NJ
1175,NJ
1176,NJ
1177,NJ
1178,NM
1179,NM
1180,NM
1181,NM
1182,NM
1183,NM
1184,NM
1185,NM
1186,AZ
1187,NM
1188,NM
1189,NM
1190,NM
1191,NM
1192,NM
1193,NM
1194,NM
1195,NV
1196,NV
1197,NV
1198,NV
1199,NY
1200,NY
1201,NY
1202,NY
1203,NY
1204,NY
1205,NY
1206,NY
1207,NY
1208,NY
1209,NY
1210,NY
1211,NY
1212,NY
1213,NY
1214,NY
1215,NY
1216,NY
1217,NY
1218,NY
1219,NY
1220,NY
1221,NY
1222,NY
1223,NY
1224,OH
1225,OH
1226,OH
1227,OH
1228,OH
1229,OH
1230,OH
1231,OH
1232,OH
1233,OH
1234,OH
1235,OH
1236,OH
1237,OH
1238,OH
1239,OH
1240,OH
1241,OH
1242,OH
1243,OH
1244,OH
1245,OH
1246,OH
1247,OH
1248,OH
1249,OH
1250,OH
1251,OH
1252,OH
1253,OH
1254,OH
1255,OH
1256,OH
1257,OH
1258,OH
1259,OH
1260,OH
1261,OH
1262,OH
1263,OH
1264,OH
1265,OH
1266,OH
1267,OH
1268,OH
1269,OH
1270,OH
1271,OH
1272,OH
1273,OH
1274,OH
1275,OH
1276,OH
1277,OH
1278,OH
1279,OH
1280,OH
1281,OH
1282,OH
1283,OH
1284,OH
1285,OH
1286,OH
1287,OH
1288,OH
1289,OH
1290,OH
1291,OH
1292,OH
1293,OH
1294,OH
1295,OH
1296,OH
1297,OH
1298,OH
1299,OH
1300,OH
1301,OH
1302,OH
1303,OH
1304,OH
1305,OH
1306,OH
1307,OH
1308,OH
1309,OH
1310,OH
1311,OH
1312,OH
1313,OH
1314,OH
1315,OH
1316,OH
1317,OH
1318,OH
1319,OH
1320,OH
1321,OH
1322,OH
1323,OH
1324,OH
1325,OH
1326,OH
1327,OH
1328,OH
1329,OH
1330,OH
1331,OH
1332,OH
1333,OH
1334,OH
1335,OH
1336,PA
1337,OH
1338,OH
1339,OH
1340,OH
1341,OH
1342,OH
1343,OH
1344,OH
1345,OH
1346,OH
1347,OH
1348,OH
1349,OH
1350,OH
1351,OH
1352,OH
1353,OH
1354,OH
1355,OH
1356,OH
1357,OH
1358,OH
1359,OH
1360,OH
1361,OH
1362,OH
1363,OH
1364,OH
1365,OH
1366,OH
1367,OH
1368,OH
1369,OH
1370,OH
1371,OH
1372,OH
1373,OH
1374,OH
1375,OH
1376,OH
1377,OK
1378,OK
1379,OK
1380,OK
1381,OK
1382,OK
1383,OK
1384,OK
1385,OK
1386,OK
1387,OK
1388,OK
1389,OK
1390,OK
1391,OK
1392,OK
1393,OK
1394,OK
1395,OK
1396,OK
1397,OK
1398,OK
1399,OK
1400,OK
1401,OK
1402,OK
1403,OK
1404,OK
1405,OK
1406,OK
1407,OK
1408,OK
1409,OK
1410,OK
1411,OK
1412,OK
1413,OK
1414,OK
1415,OK
1416,OK
1417,OK
1418,OK
1419,OK
1420,OK
1421,OK
1422,OK
1423,AR
1424,OK
1425,OK
1426,OK
1427,OK
1428,AR
1429,OK
1430,OR
1431,OR
1432,OR
1433,OR
1434,OR
1435,OR
1436,OR
1437,OR
1438,OR
1439,OR
1440,OR
1441,OR
1442,CA
1443,OR
1444,OR
1445,OR
1446,OR
1447,OR
1448,OR
1449,OR
1450,OR
1451,OR
1452,OR
1453,OR
1454,OR
1455,OR
1456,OR
1457,OR
1458,OR
1459,OR
1460,OR
1461,OR
1462,OR
1463,OR
1464,OR
1465,OR
1466,OR
1467,OR
1468,OR
1469,OR
1470,OR
1471,OR
1472,OR
1473,OR
1474,OR
1475,OR
1476,OR
1477,OR
1478,OR
1479,OR
1480,OR
1481,OR
1482,OR
1483,OR
1484,OR
1485,OR
1486,OR
1487,OR
1488,OR
1489,OR
1490,OR
1491,OR
1492,OR
1493,OR
1494,OR
1495,OR
1496,OR
1497,OR
1498,OR
1499,OR
1500,OR
1501,OR
1502,OR
1503,OR
1504,OR
1505,OR
1506,OR
1507,WA
1508,OR
1509,OR
1510,OR
1511,OR
1512,OR
1513,OR
1514,OR
1515,OR
1516,PA
1517,PA
1518,PA
1519,PA
1520,PA
1521,OH
1522,PA
1523,PA
1524,PA
1525,PA
1526,PA
1527,PA
1528,PA
1529,PA
1530,PA
1531,PA
1532,PA
1533,PA
1534,PA
1535,PA
1536,NJ
1537,PA
1538,PA
1539,PA
1540,PA
1541,PA
1542,RI
1543,RI
1544,RI
1545,VA
1546,SC
1547,SC
1548,GA
1549,SC
1550,SC
1551,SC
1552,SC
1553,SC
1554,SC
1555,SC
1556,SC
1557,SC
1558,SC
1559,SC
1560,SD
1561,SD
1562,SD
1563,SD
1564,TN
1565,TN
1566,TN
1567,TN
1568,TN
1569,TN
1570,NC
1571,TN
1572,TN
1573,TN
1574,TN
1575,TN
1576,TN
1577,TN
1578,TN
1579,TN
1580,NC
1581,TN
1582,TN
1583,TN
1584,TN
1585,TN
1586,
1587,TN
1588,TN
1589,TN
1590,TN
1591,TN
1592,TN
1593,TN
1594,TX
1595,TX
1596,TX
1597,TX
1598,TX
1599,TX
1600,TX
1601,TX
1602,TX
1603,TX
1604,TX
1605,TX
1606,TX
1607,TX
1608,TX
1609,TX
1610,TX
1611,TX
1612,TX
1613,TX
1614,TX
1615,TX
1616,TX
1617,TX
1618,TX
1619,TX
1620,TX
1621,TX
1622,TX
1623,TX
1624,TX
1625,TX
1626,TX
1627,TX
1628,TX
1629,TX
1630,TX
1631,TX
1632,TX
1633,TX
1634,TX
1635,TX
1636,TX
1637,TX
1638,TX
1639,TX
1640,TX
1641,TX
1642,TX
1643,TX
1644,TX
1645,TX
1646,TX
1647,TX
1648,TX
1649,TX
1650,TX
1651,TX
1652,TX
1653,TX
1654,TX
1655,TX
1656,TX
1657,TX
1658,TX
1659,TX
1660,TX
1661,TX
1662,TX
1663,TX
1664,TX
1665,TX
1666,TX
1667,TX
1668,TX
1669,TX
1670,TX
1671,TX
1672,TX
1673,TX
1674,TX
1675,TX
1676,TX
1677,TX
1678,TX
1679,TX
1680,TX
1681,TX
1682,TX
1683,TX
1684,TX
1685,TX
1686,TX
1687,TX
1688,TX
1689,TX
1690,TX
1691,TX
1692,TX
1693,TX
1694,TX
1695,TX
1696,TX
1697,TX
1698,TX
1699,TX
1700,TX
1701,TX
1702,TX
1703,TX
1704,TX
1705,TX
1706,TX
1707,TX
1708,TX
1709,TX
1710,TX
1711,TX
1712,TX
1713,TX
1714,TX
1715,TX
1716,AR
1717,TX
1718,TX
1719,TX
1720,TX
1721,TX
1722,UT
1723,UT
1724,UT
1725,UT
1726,UT
1727,UT
1728,UT
1729,UT
1730,UT
1731,UT
1732,UT
1733,UT
1734,UT
1735,UT
1736,UT
1737,UT
1738,VA
1739,VA
1740,VA
1741,VA
1742,VA
1743,VA
1744,VA
1745,VA
1746,VA
1747,VA
1748,VA
1749,VA
1750,VA
1751,VA
1752,VA
1753,VA
1754,VA
1755,VA
1756,VA
1757,VA
1758,VA
1759,VA
1760,VA
1761,VA
1762,VA
1763,VA
1764,VA
1765,VA
1766,VA
1767,NC
1768,VA
1769,VA
1770,VA
1771,VA
1772,VA
1773,VT
1774,WA
1775,WA
1776,WA
1777,WA
1778,WA
1779,WA
1780,WA
1781,WA
1782,WA
1783,WA
1784,WA
1785,WA
1786,WA
1787,WA
1788,WA
1789,WA
1790,WA
1791,WA
1792,WA
1793,WA
1794,WA
1795,WA
1796,WA
1797,WA
1798,WA
1799,WA
1800,WA
1801,WA
1802,WA
1803,WA
1804,WA
1805,WA
1806,WA
1807,WA
1808,WA
1809,WA
1810,WA
1811,WA
1812,WA
1813,WA
1814,WA
1815,WA
1816,WA
1817,WA
1818,WA
1819,WA
1820,WA
1821,WA
1822,WA
1823,WA
1824,WA
1825,WA
1826,WA
1827,WA
1828,WA
1829,WA
1830,WA
1831,WA
1832,WA
1833,OR
1834,WA
1835,WA
1836,WA
1837,WA
1838,WA
1839,WA
1840,WA
1841,WA
1842,WA
1843,WA
1844,WA
1845,WA
1846,WA
1847,WA
1848,WA
1849,WA
1850,WA
1851,WA
1852,WA
1853,WA
1854,WA
1855,WA
1856,WA
1857,WA
1858,WA
1859,WA
1860,WA
1861,WA
1862,WA
1863,WA
1864,WA
1865,WA
1866,WA
1867,WA
1868,WA
1869,WA
1870,WA
1871,WA
1872,WA
1873,WA
1874,WA
1875,WA
1876,WA
1877,WA
1878,WA
1879,WA
1880,WA
1881,WA
1882,WA
1883,WA
1884,WA
1885,WA
1886,WA
1887,WA
1888,WA
1889,WA
1890,WA
1891,WA
1892,WA
1893,WA
1894,WA
1895,WA
1896,WA
1897,WA
1898,WA
1899,WA
1900,WA
1901,WA
1902,WA
1903,WA
1904,WA
1905,WA
1906,OR
1907,WA
1908,WA
1909,WA
1910,WA
1911,WA
1912,WA
1913,WA
1914,WA
1915,WA
1916,WA
1917,WA
1918,WA
1919,WA
1920,WA
1921,WA
1922,WA
1923,WA
1924,WA
1925,WA
1926,WA
1927,WA
1928,WA
1929,WA
1930,WA
1931,WA
1932,WA
1933,WA
1934,WA
1935,WA
1936,WA
1937,WA
1938,WA
1939,WA
1940,WA
1941,WA
1942,WA
1943,WA
1944,WA
1945,WA
1946,WA
1947,WA
1948,WA
1949,WA
1950,WA
1951,WA
1952,WA
1953,WA
1954,WA
1955,WA
1956,WA
1957,WA
1958,WA
1959,WA
1960,WA
1961,WA
1962,WA
1963,WA
1964,WA
1965,WA
1966,WA
1967,WA
1968,WA
1969,WA
1970,WA
1971,WA
1972,WA
1973,WA
1974,WA
1975,WA
1976,WA
1977,WA
1978,WA
1979,WA
1980,WA
1981,WA
1982,WA
1983,WA
1984,WA
1985,WA
1986,WA
1987,WA
1988,WA
1989,WA
1990,WA
1991,WA
1992,WA
1993,WA
1994,WA
1995,WA
1996,WA
1997,WA
1998,WA
1999,WA
2000,WA
2001,WA
2002,WI
2003,WI
2004,WI
2005,WI
2006,WI
2007,WI
2008,WI
2009,WI
2010,WI
2011,WI
2012,WI
2013,WI
2014,WI
2015,WI
2016,WI
2017,WI
2018,WI
2019,WI
2020,WI
2021,WI
2022,WI
2023,WI
2024,WI
2025,WI
2026,WI
2027,MI
2028,WI
2029,WI
2030,WI
2031,WI
2032,WV
2033,WV
2034,WV
2035,WV
2036,WV
2037,WV
2038,WV
2039,WV
2040,WV
2041,OH
2042,WV
2043,WV
2044,WV
2045,WV
2046,WV
2047,WV
2048,WV
2049,MD
2050,WV
2051,WV
2052,VA
2053,WV
2054,WV
2055,WV
2056,WV
2057,WV
2058,WV
2059,WV
2060,WV
2061,WV
2062,WV
2063,WV
2064,WV
2065,VA
2066,WV
2068,WV
2069,WV
2070,WV
2071,WV
2072,WV
2073,WV
2074,WV
2075,WV
2076,WV
2077,WV
2078,WV
2079,VA
2080,WV
2081,WV
2082,WV
2083,WY
2084,WY
2085,WY
2086,WY
2087,MT
2088,MT
2089,WY
2090,UT
2091,WY
2092,WY
2094,AK
2095,AK
2096,AK
2097,AL
2098,AL
2099,AL
2100,AL
2101,AL
2102,AL
2103,AL
2104,AL
2105,AL
2106,AL
2107,AL
2108,AL
2109,AL
2110,AL
2111,AL
2112,AL
2113,AL
2114,AL
2115,AL
2116,AL
2117,AL
2118,AL
2119,AL
2120,AL
2121,AL
2122,GA
2123,AL
2124,AL
2125,AR
2126,AR
2127,AR
2128,AR
2129,AR
2130,AR
2131,AR
2132,AR
2133,AR
2134,AR
2135,AR
2136,AR
2137,AR
2138,AR
2139,AR
2140,AR
2141,AR
2142,AR
2143,AR
2144,AR
2145,AR
2146,AR
2147,AR
2148,AR
2149,AR
2150,AR
2151,AR
2152,AZ
2153,AZ
2154,AZ
2155,AZ
2156,AZ
2157,AZ
2158,AZ
2159,AZ
2160,AZ
2161,AZ
2162,AZ
2163,AZ
2164,AZ
2165,AZ
2166,AZ
2167,AZ
2168,AZ
2169,AZ
2170,AZ
2171,AZ
2172,AZ
2173,AZ
2174,AZ
2175,AZ
2176,AZ
2177,AZ
2178,AZ
2179,AZ
2180,AZ
2181,AZ
2182,AZ
2183,AZ
2184,AZ
2185,AZ
2186,AZ
2187,AZ
2188,AZ
2189,AZ
2190,AZ
2191,AZ
2192,AZ
2193,AZ
2194,CA
2195,CA
2196,CA
2197,CA
2198,CA
2199,CA
2200,CA
2201,CA
2202,CA
2203,CA
2204,CA
2205,CA
2206,CA
2207,CA
2208,CA
2209,CA
2210,CA
2211,CA
2212,CA
2213,CA
2214,CA
2215,CA
2216,CA
2217,CA
2218,CA
2219,CA
2220,CA
2221,CA
2222,CA
2223,CA
2224,CA
2225,CA
2226,CA
2227,CA
2228,CA
2229,CA
2230,CA
2231,CA
2232,CA
2233,CA
2234,CA
2235,CA
2236,CA
2237,CA
2238,CA
2239,CA
2240,CA
2241,CA
2242,CA
2243,CA
2244,CA
2245,CA
2246,CA
2247,CA
2248,CA
2249,CA
2250,CA
2251,CA
2252,CA
2253,CA
2254,CA
2255,CA
2256,CA
2257,CA
2258,CA
2259,CA
2260,CA
2261,CA
2262,CA
2263,CA
2264,CA
2265,CA
2266,CA
2267,CA
2268,CA
2269,CA
2270,CA
2271,CA
2272,CA
2273,CA
2274,CA
2275,CA
2276,CA
2277,CA
2278,CA
2279,CA
2280,CA
2281,CA
2282,CA
2283,CA
2284,CA
2285,CA
2286,CA
2287,CA
2288,CA
2289,CA
2290,CA
2291,CA
2292,CA
2293,CA
2294,CA
2295,CA
2296,CA
2297,CA
2298,CA
2299,CA
2300,CA
2301,CA
2302,CA
2303,CA
2304,CA
2305,CA
2306,CA
2307,CA
2308,CA
2309,CA
2310,CA
2311,CA
2312,CA
2313,CA
2314,CA
2315,CA
2316,CA
2317,CA
2318,CA
2319,CA
2320,CA
2321,CA
2322,CA
2323,CA
2324,CA
2325,CA
2326,CA
2327,CA
2328,CA
2329,CA
2330,CA
2331,CA
2332,CA
2333,CA
2334,CA
2335,CA
2336,CA
2337,CA
2338,CA
2339,CA
2340,CA
2341,CA
2342,CA
2343,CA
2344,CA
2345,CA
2346,CA
2347,CA
2348,CA
2349,CA
2350,CA
2351,CA
2352,CA
2353,CA
2354,CA
2355,CA
2356,CA
2357,CA
2358,CA
2359,CA
2360,CA
2361,CA
2362,CA
2363,CA
2364,CA
2365,CA
2410,OR
2447,MN
2480,CO
2481,CO
2482,CO
2483,CO
2484,CO
2485,CO
2486,CO
2487,CO
2488,CO
2489,CO
2490,CO
2491,CO
2492,CO
2493,CO
2494,CO
2495,CO
2496,CO
2497,CO
2498,CO
2499,CO
2500,CO
2501,CO
2502,CO
2503,CO
2504,CO
2505,CO
2506,CO
2507,CO
2508,CO
2509,CO
2510,CO
2511,CO
2512,CO
2513,CO
2514,CO
2515,CO
2516,CO
2517,CO
2518,CO
2519,CO
2520,CO
2521,CO
2522,CO
2523,CO
2524,CO
2525,CO
2526,CT
2527,CT
2528,CT
2529,CT
2530,CT
2531,CT
2532,CT
2533,CT
2534,DE
2535,DE
2536,DE
2537,FL
2538,FL
2539,FL
2540,FL
2541,FL
2542,FL
2543,FL
2544,FL
2545,FL
2546,FL
2547,FL
2548,FL
2549,FL
2550,FL
2551,FL
2552,FL
2553,FL
2554,FL
2555,FL
2556,FL
2557,FL
2558,FL
2559,FL
2560,AL
2561,FL
2562,FL
2563,FL
2564,FL
2565,FL
2566,FL
2567,FL
2568,FL
2569,FL
2570,FL
2571,FL
2572,AL
2573,FL
2574,FL
2575,FL
2576,FL
2577,FL
2578,FL
2579,FL
2580,FL
2581,FL
2582,FL
2583,FL
2584,FL
2585,FL
2586,FL
2587,FL
2588,FL
2589,FL
2590,FL
2591,FL
2592,FL
2593,FL
2594,FL
2595,FL
2596,FL
2597,FL
2598,FL
2599,FL
2600,FL
2601,FL
2602,FL
2603,FL
2604,FL
2605,FL
2606,FL
2607,FL
2608,FL
2609,FL
2610,FL
2611,FL
2612,FL
2613,FL
2614,FL
2615,FL
2616,FL
2617,FL
2618,FL
2619,FL
2620,FL
2621,FL
2622,FL
2623,FL
2624,FL
2625,FL
2626,FL
2627,FL
2628,FL
2629,FL
2630,FL
2631,FL
2632,FL
2633,FL
2634,FL
2635,FL
2636,FL
2637,FL
2638,FL
2639,FL
2640,FL
2641,FL
2642,FL
2643,FL
2644,FL
2645,FL
2646,FL
2647,FL
2648,FL
2649,FL
2650,FL
2651,FL
2652,FL
2653,FL
2654,FL
2655,FL
2656,FL
2657,FL
2658,FL
2659,FL
2660,FL
2661,FL
2662,FL
2663,FL
2664,FL
2665,FL
2666,FL
2667,FL
2668,FL
2669,FL
2670,FL
2671,FL
2672,FL
2673,FL
2674,GA
2675,GA
2676,GA
2677,GA
2678,GA
2679,GA
2680,GA
2681,GA
2682,GA
2683,GA
2684,GA
2685,GA
2686,GA
2687,GA
2688,GA
2689,GA
2690,GA
2691,GA
2692,GA
2693,GA
2694,GA
2695,GA
2696,GA
2697,GA
2698,GA
2699,GA
2700,GA
2701,GA
2702,GA
2703,GA
2704,GA
2705,GA
2706,GA
2707,GA
2708,GA
2709,GA
2710,GA
2711,GA
2712,GA
2713,GA
2714,GA
2715,GA
2716,GA
2717,GA
2718,GA
2719,GA
2720,GA
2721,GA
2722,GA
2723,GA
2724,GA
2725,GA
2726,IA
2727,IA
2728,IA
2729,IA
2730,IA
2731,IA
2732,WI
2733,IA
2734,IA
2735,IA
2736,IA
2737,IA
2738,IA
2739,IA
2740,IA
2741,IA
2742,IA
2743,IA
2744,IA
2745,IA
2746,IA
2747,ID
2748,ID
2749,ID
2750,ID
2751,ID
2752,ID
2753,ID
2754,ID
2755,ID
2756,ID
2757,ID
2758,ID
2759,ID
2760,ID
2761,ID
2762,ID
2763,ID
2764,ID
2765,ID
2766,ID
2767,ID
2768,ID
2769,ID
2770,ID
2771,ID
2772,ID
2773,ID
2774,ID
2775,ID
2776,ID
2777,ID
2778,ID
2779,ID
2780,ID
2781,ID
2782,ID
2783,ID
2784,IL
2785,IL
2786,IL
2787,IL
2788,IL
2789,IL
2790,IL
2791,IL
2792,IL
2793,IL
2794,IL
2795,IL
2796,IL
2797,IL
2798,IL
2799,IL
2800,IL
2801,IL
2802,IL
2803,IL
2804,IL
2805,IL
2806,IL
2807,IL
2808,IL
2809,IL
2810,IL
2811,IL
2812,IL
2813,IL
2814,IL
2815,IL
2816,IL
2817,IL
2818,IL
2819,IL
2820,IL
2821,IL
2822,IL
2823,IL
2824,IL
2825,IL
2826,IL
2827,IL
2828,IL
2829,IL
2830,IL
2831,IL
2832,IL
2833,IL
2834,IL
2835,IL
2836,IL
2837,IL
2838,IL
2839,IL
2840,IL
2841,IL
2842,IL
2843,IL
2844,IL
2845,IL
2846,IL
2847,IL
2848,IL
2849,IL
2850,IL
2851,IL
2852,IL
2853,IL
2854,IL
2855,IL
2856,IL
2857,IL
2858,IL
2859,IL
2860,IL
2861,IL
2862,IL
2863,IL
2864,IL
2865,IL
2866,IL
2867,IL
2868,IL
2869,IL
2870,IL
2871,IL
2872,IL
2873,IL
2874,IL
2875,IL
2876,IL
2877,KY
2878,IL
2879,IL
2880,IN
2881,IN
2882,IN
2883,IN
2884,IN
2885,IN
2886,IN
2887,IN
2888,IN
2889,IN
2890,IN
2891,IN
2892,IN
2893,IN
2894,IN
2895,IN
2896,IN
2897,IN
2898,KY
2899,IN
2900,IN
2901,KS
2902,KS
2903,KS
2904,KS
2905,KS
2906,KS
2907,KS
2908,KS
2909,KS
2910,KS
2911,KS
2912,KS
2913,KS
2914,MO
2915,MO
2916,KS
2917,KS
2918,KY
2919,KY
2920,KY
2921,KY
2922,KY
2923,KY
2924,KY
2925,KY
2926,KY
2927,KY
2928,KY
2929,KY
2930,KY
2931,KY
2932,KY
2933,KY
2934,KY
2935,KY
2936,KY
2937,KY
2938,KY
2939,KY
2940,KY
2941,VA
2942,WV
2943,KY
2944,KY
2945,KY
2946,KY
2947,KY
2948,KY
2949,KY
2950,KY
2951,TN
2952,KY
2953,KY
2954,KY
2955,KY
2956,KY
2957,KY
2958,LA
2959,LA
2960,LA
2961,LA
2962,LA
2963,LA
2964,LA
2965,LA
2966,LA
2967,MA
2968,MA
2969,MA
2970,MA
2971,MA
2972,MA
2973,MA
2974,MA
2975,MA
2976,MA
2977,MA
2979,MA
2980,MA
2981,MA
2982,MA
2983,MA
2984,MA
2985,MA
2986,MD
2987,MD
2988,MD
2989,MD
2990,MD
2991,MD
2992,MD
2993,MD
2994,ME
2995,ME
2996,ME
2997,ME
2998,ME
2999,ME
3000,ME
3001,MI
3002,MI
3003,MI
3004,MI
3005,MI
3006,MI
3007,MI
3008,MI
3009,MI
3010,MI
3011,MI
3012,MI
3013,MI
3014,MI
3015,MI
3016,MI
3017,MI
3018,MI
3019,MI
3020,MI
3021,MI
3022,MI
3023,MI
3024,MI
3025,MI
3026,MI
3027,MI
3028,MI
3029,MI
3030,MI
3031,MI
3032,MI
3033,MI
3034,MI
3035,MI
3036,MI
3037,MI
3038,MI
3039,MI
3040,MI
3041,MI
3042,MI
3043,MI
3044,MI
3045,MI
3046,MI
3047,MI
3048,MI
3049,MI
3050,MI
3051,MI
3052,MI
3053,MI
3054,MI
3055,MI
3056,MI
3057,MI
3058,MI
3059,MI
3060,MI
3061,MI
3062,MI
3063,MI
3064,MI
3065,MI
3066,MI
3067,MI
3068,MI
3069,MI
3070,MI
3071,MI
3072,MI
3073,MI
3074,MI
3075,MI
3076,MI
3077,MI
3078,WI
3079,MI
3081,MI
3082,MI
3083,MI
3084,MI
3085,MI
3086,MI
3087,MI
3088,MI
3089,MN
3090,MN
3091,MN
3092,MN
3093,MN
3094,MN
3095,MN
3096,MN
3097,MN
3098,MN
3099,MN
3100,MN
3101,MN
3102,MN
3103,MN
3104,MN
3105,MN
3106,MN
3107,MN
3108,MN
3109,MN
3110,MN
3111,WI
3112,MN
3113,MN
3114,MN
3115,MN
3116,MN
3117,MO
3118,MO
3119,MO
3120,MO
3121,MO
3122,MO
3123,MO
3124,MO
3125,MO
3126,MO
3127,MO
3128,MO
3129,MO
3130,MO
3131,MO
3132,MO
3133,MO
3134,MO
3135,MO
3136,MO
3137,MO
3138,MO
3139,NV
3140,MO
3141,AR
3142,MO
3143,MO
3144,MO
3145,MO
3146,MO
3147,MO
3148,MO
3149,MO
3150,MO
3151,KS
3152,MO
3153,MO
3154,AR
3155,MO
3156,MO
3157,MO
3158,MO
3159,MO
3160,MO
3161,MO
3162,MO
3163,MO
3164,MO
3165,MO
3166,MO
3167,MO
3168,MO
3169,MO
3170,MO
3171,MO
3172,MO
3173,MO
3174,MO
3175,MO
3176,MS
3177,MS
3178,MS
3179,MS
3180,MS
3181,MT
3182,MT
3183,MT
3184,MT
3185,MT
3186,MT
3187,MT
3188,MT
3189,MT
3190,MT
3191,MT
3192,MT
3194,MT
3195,MT
3196,MT
3197,MT
3198,MT
3199,MT
3200,MT
3201,MT
3202,MT
3203,NC
3204,NC
3205,NC
3206,NC
3207,NC
3208,NC
3209,NC
3210,TN
3211,NC
3212,NC
3213,NC
3214,NC
3215,NC
3216,NC
3217,NC
3218,TN
3219,NC
3220,NC
3221,NC
3222,NC
3223,NC
3224,NC
3225,NC
3226,NC
3227,NC
3228,NC
3229,NC
3230,NC
3231,NC
3232,NC
3233,NC
3234,NC
3235,NC
3236,NC
3237,FL
3238,NC
3239,NC
3240,NC
3241,NC
3242,NC
3243,NC
3244,NC
3245,ND
3246,NE
3247,NE
3248,NE
3249,NE
3250,NE
3251,NE
3252,NH
3253,NH
3254,NH
3255,NH
3256,NH
3257,NH
3258,NJ
3259,NJ
3260,NJ
3261,NJ
3262,NJ
3263,NJ
3264,NJ
3265,NJ
3266,NJ
3267,NJ
3268,NJ
3269,NJ
3270,NJ
3271,NJ
3272,NJ
3273,NJ
3274,NJ
3275,NJ
3276,NJ
3277,NJ
3278,NJ
3279,NJ
3280,NJ
3281,NJ
3282,NJ
3283,NJ
3284,NM
3285,NM
3286,NM
3287,AZ
3288,NM
3289,AZ
3290,NM
3291,NM
3292,NM
3293,NM
3294,NV
3295,NV
3296,NV
3297,NY
3298,NY
3299,NY
3300,NY
3301,NY
3302,NY
3303,NY
3304,NY
3305,NY
3306,NY
3307,NY
3308,NY
3309,NY
3310,NY
3311,NY
3312,NY
3313,NY
3314,NY
3315,NY
3316,NY
3317,NY
3318,NY
3319,NY
3320,NY
3321,NY
3322,NY
3323,NY
3324,NY
3325,NY
3326,NY
3327,NY
3328,NY
3329,NY
3330,OH
3331,OH
3332,OH
3333,OH
3334,OH
3335,OH
3336,OH
3337,OH
3338,OH
3339,OH
3340,OH
3341,OH
3342,OH
3343,OH
3344,OH
3345,OH
3346,OH
3347,OH
3348,OH
3349,OH
3350,OH
3351,OH
3352,OH
3353,OH
3354,OH
3355,OH
3356,OH
3357,OH
3358,OH
3359,OH
3360,OH
3361,OH
3362,OH
3363,OH
3364,OH
3365,OH
3366,OH
3367,OH
3368,OH
3369,OH
3370,OH
3371,OH
3372,OH
3373,OH
3374,OH
3375,OH
3376,OH
3377,OH
3378,OH
3379,OH
3380,OH
3381,OH
3382,OH
3383,OH
3384,OH
3385,OH
3386,OH
3387,OH
3388,OH
3389,OH
3390,OH
3391,OH
3392,OH
3393,OH
3394,OH
3395,OH
3396,OH
3397,OH
3398,IL
3399,OH
3400,OH
3401,OH
3402,OH
3403,OH
3404,OH
3405,OH
3406,OH
3408,OH
3409,OH
3410,OH
3411,OH
3412,OH
3413,OH
3414,OH
3415,OH
3416,OH
3417,OH
3418,OH
3419,OH
3420,OH
3421,OH
3422,OH
3423,OH
3424,OH
3425,PA
3426,OH
3427,OH
3428,OH
3429,OH
3430,OH
3431,OH
3432,OH
3433,OH
3434,OH
3435,OH
3436,OH
3437,OH
3438,OH
3439,OH
3440,OH
3441,OH
3442,OH
3443,OH
3444,OH
3445,OH
3446,OH
3447,OH
3448,OH
3449,OH
3450,OH
3451,OH
3452,OH
3453,WV
3454,OH
3455,OH
3456,OH
3457,NE
3458,OH
3459,OH
3460,OH
3461,OH
3462,OH
3463,OK
3464,OK
3465,OK
3466,OK
3467,OK
3468,OK
3469,OK
3470,OK
3471,OK
3472,OK
3473,OK
3474,OK
3475,OK
3476,OK
3477,OK
3478,OK
3479,AR
3480,OK
3481,OK
3482,OK
3483,OK
3484,OK
3485,OK
3486,OK
3487,OK
3488,OK
3489,AR
3490,OK
3491,AR
3492,OK
3493,OR
3494,OR
3495,OR
3496,OR
3497,OR
3498,OR
3499,OR
3500,OR
3501,OR
3502,OR
3503,OR
3504,OR
3505,OR
3506,OR
3507,OR
3508,OR
3509,OR
3510,OR
3511,OR
3512,OR
3513,OR
3514,OR
3515,OR
3516,OR
3517,OR
3518,OR
3519,OR
3520,OR
3521,OR
3522,OR
3523,OR
3524,OR
3525,OR
3526,OR
3527,OR
3528,OR
3529,OR
3530,OR
3531,OR
3532,OR
3533,OR
3534,OR
3535,OR
3536,OR
3537,OR
3538,OR
3539,OR
3540,OR
3541,OR
3542,OR
3543,OR
3544,OR
3545,OR
3546,OR
3547,OR
3548,OR
3549,OR
3550,OR
3551,OR
3552,OR
3553,OR
3554,OR
3555,OR
3556,OR
3557,OR
3558,OR
3559,OR
3560,OR
3561,OR
3562,OR
3563,OR
3564,OR
3565,OR
3566,OR
3567,OR
3568,OR
3569,OR
3570,OR
3571,OR
3572,OR
3573,OR
3574,OR
3575,OR
3576,OR
3577,OR
3578,OR
3579,OR
3580,OR
3581,OR
3582,OR
3583,OR
3584,OR
3585,OR
3586,OR
3587,OR
3588,OR
3589,OR
3590,OR
3591,OR
3592,OR
3593,OR
3594,PA
3595,PA
3596,PA
3597,PA
3598,PA
3599,PA
3600,PA
3601,PA
3602,PA
3603,PA
3604,PA
3605,PA
3606,PA
3607,PA
3608,PA
3609,PA
3610,PA
3611,PA
3612,PA
3613,PA
3614,PA
3615,PA
3616,RI
3617,RI
3618,SC
3619,SC
3620,SC
3621,SC
3622,SC
3624,GA
3625,SC
3626,SC
3627,SC
3628,SC
3629,SC
3630,SC
3631,SD
3632,SD
3633,TN
3634,TN
3635,TN
3636,TN
3637,TN
3638,TN
3639,TN
3640,TN
3641,TN
3642,NC
3643,TN
3644,TN
3645,TN
3646,TN
3647,TN
3648,TN
3649,TN
3650,TN
3651,TN
3652,TN
3653,TN
3654,NC
3655,TN
3656,TN
3657,TN
3658,TN
3659,TN
3660,TN
3661,TN
3662,TN
3663,TN
3664,TN
3665,TN
3666,TN
3667,TN
3668,TX
3669,TX
3670,TX
3671,TX
3672,TX
3673,TX
3674,TX
3675,TX
3676,TX
3677,TX
3678,TX
3679,TX
3680,TX
3681,TX
3682,TX
3683,TX
3684,TX
3685,TX
3686,TX
3687,TX
3688,TX
3689,TX
3690,TX
3691,TX
3692,TX
3693,TX
3694,TX
3695,TX
3696,TX
3697,TX
3698,TX
3699,TX
3700,TX
3701,TX
3702,TX
3703,TX
3704,TX
3705,TX
3706,TX
3707,TX
3708,TX
3709,TX
3710,TX
3711,TX
3712,TX
3713,TX
3714,TX
3715,TX
3716,TX
3717,TX
3718,TX
3719,TX
3720,TX
3721,TX
3722,TX
3723,TX
3724,TX
3725,TX
3726,TX
3727,TX
3728,TX
3729,TX
3730,TX
3731,TX
3732,TX
3733,TX
3734,TX
3735,TX
3736,TX
3737,TX
3738,TX
3739,TX
3740,TX
3741,TX
3742,TX
3743,TX
3744,TX
3745,TX
3746,TX
3747,TX
3748,TX
3749,TX
3750,TX
3751,TX
3752,TX
3753,TX
3754,TX
3755,TX
3756,UT
3757,UT
3758,UT
3759,UT
3760,UT
3761,UT
3762,UT
3763,UT
3764,UT
3765,UT
3766,UT
3767,UT
3768,UT
3769,UT
3770,UT
3771,UT
3772,UT
3773,UT
3774,UT
3775,UT
3776,UT
3777,UT
3778,UT
3779,UT
3780,UT
3781,UT
3782,VA
3783,VA
3784,VA
3785,VA
3786,VA
3787,VA
3788,VA
3789,VA
3790,VA
3791,VA
3792,VA
3793,VA
3794,VA
3795,VA
3796,VA
3797,VA
3798,VA
3799,VA
3800,VA
3801,VA
3802,VA
3803,VA
3804,VA
3805,VA
3806,VA
3807,VA
3808,VA
3809,VA
3810,VA
3811,VA
3812,VA
3813,VA
3814,VA
3815,VA
3816,VA
3817,VA
3818,VA
3819,VA
3820,VT
3821,VT
3822,VT
3823,WA
3824,WA
3825,WA
3826,WA
3827,WA
3828,WA
3829,WA
3830,WA
3831,WA
3832,WA
3833,WA
3834,WA
3835,WA
3836,WA
3837,WA
3838,WA
3839,WA
3840,WA
3841,WA
3842,WA
3843,WA
3844,WA
3845,WA
3846,WA
3847,WA
3848,WA
3849,WA
3850,WA
3851,WA
3852,WA
3853,WA
3854,WA
3855,WA
3856,WA
3857,WA
3858,WA
3859,WA
3860,WA
3861,WA
3862,WA
3863,WA
3864,WA
3865,WA
3866,WA
3867,WA
3868,WA
3869,WA
3870,WA
3871,WA
3872,WA
3873,WA
3874,WA
3875,WA
3876,WA
3877,WA
3878,WA
3879,WA
3880,WA
3881,WA
3882,WA
3883,WA
3884,WA
3885,WA
3886,WA
3887,WA
3888,WA
3889,WA
3890,WA
3891,WA
3892,WA
3893,WA
3894,WA
3895,WA
3896,WA
3897,WA
3898,WA
3899,WA
3900,WA
3901,WA
3902,WA
3903,WA
3904,WA
3905,WA
3906,WA
3907,WA
3908,WA
3909,WA
3910,WA
3911,WA
3912,WA
3913,WA
3914,WA
3915,WA
3916,WA
3917,WA
3918,WA
3919,WA
3920,WA
3921,WA
3922,WA
3923,WA
3924,WA
3925,WA
3926,WA
3927,WA
3928,WA
3929,WA
3930,WA
3931,WA
3932,WA
3933,WA
3934,WA
3935,WA
3936,WA
3937,WA
3938,WA
3939,WA
3940,WA
3941,WA
3942,WA
3943,WA
3944,WA
3945,WA
3946,WA
3947,WA
3948,WA
3949,WA
3950,WA
3951,WA
3952,OR
3953,WA
3954,WA
3955,WA
3956,WA
3957,WA
3958,WA
3959,WA
3960,WA
3961,WA
3962,WA
3963,WA
3964,WA
3965,WA
3966,WA
3967,WA
3968,WA
3969,WA
3970,WA
3971,WA
3972,WA
3973,WA
3974,WA
3975,WA
3977,WA
3978,WA
3979,WA
3980,WA
3981,WA
3982,WA
3983,WA
3984,WA
3985,WA
3986,WA
3987,WA
3988,WA
3989,WA
3990,WA
3991,WA
3992,WA
3993,WA
3994,WA
3995,WA
3996,WA
3997,WA
3998,WA
3999,WA
4000,WA
4001,WA
4002,WA
4003,WA
4004,WA
4005,WA
4006,WA
4007,WA
4008,WA
4009,WA
4010,WA
4011,WA
4012,WA
4013,WA
4014,WA
4015,WA
4016,WA
4017,WA
4018,WA
4019,WA
4020,WA
4021,WA
4022,WA
4023,WA
4024,WA
4025,WA
4026,WA
4027,WA
4028,WA
4029,WA
4030,WA
4031,WA
4032,WA
4033,WA
4034,WA
4035,WA
4036,WA
4037,WA
4038,WA
4039,WA
4040,WA
4041,WA
4042,WA
4043,WA
4044,WA
4045,WA
4046,WA
4047,WA
4048,WA
4049,WA
4050,WA
4051,WA
4052,WA
4053,OR
4054,WA
4055,WA
4056,WA
4057,WA
4058,WA
4059,WA
4060,WA
4061,WA
4062,WA
4063,WA
4064,WA
4065,WA
4066,WA
4067,WA
4068,WA
4069,WA
4070,WA
4071,WA
4072,WA
4073,WA
4074,WA
4075,WA
4076,WA
4077,WA
4078,WA
4079,WA
4080,WA
4081,WA
4082,WA
4083,WA
4084,WA
4085,WA
4086,WA
4087,WA
4088,WA
4089,WA
4090,WA
4091,WA
4092,WA
4093,WA
4094,WA
4095,WA
4096,WA
4097,WA
4098,WA
4099,WA
4100,WA
4101,WA
4102,WA
4103,WA
4104,WA
4105,WA
4106,WA
4107,WA
4108,WA
4109,WA
4110,WA
4111,WA
4112,WA
4113,WA
4114,WA
4115,WA
4116,WA
4117,WA
4118,WA
4119,WA
4120,WA
4121,WA
4122,WA
4123,WA
4124,WA
4125,WA
4126,WA
4127,WA
4128,WA
4129,WA
4130,WA
4131,WA
4132,WA
4133,WA
4134,WA
4135,WI
4136,WI
4137,WI
4138,WI
4139,WI
4140,WI
4141,WI
4142,WI
4143,WI
4144,WI
4145,WI
4146,WI
4147,WI
4148,WI
4149,WI
4150,WI
4151,WI
4152,WI
4153,WI
4154,WI
4155,WI
4156,WI
4157,WI
4158,WI
4159,WI
4160,WI
4161,
4162,WI
4163,WI
4165,WI
4166,WI
4167,WI
4168,WI
4169,WI
4170,WI
4171,WI
4172,WI
4173,WI
4174,WI
4175,WI
4176,WI
4177,WI
4178,WI
4179,WI
4180,WI
4181,WV
4182,WV
4183,WV
4184,WV
4185,WV
4186,WV
4187,WV
4188,WV
4189,WV
4190,WV
4191,WV
4192,WV
4193,WV
4194,WV
4195,OH
4196,WV
4197,WV
4198,WV
4199,WV
4200,WV
4201,WV
4202,WV
4203,WV
4204,WV
4205,WV
4206,PA
4207,WV
4208,WV
4209,WV
4210,WV
4211,WV
4212,WV
4213,WV
4214,WV
4215,WV
4216,WV
4217,WV
4218,WV
4219,WV
4220,WV
4221,WV
4222,WV
4223,WV
4224,WV
4225,WV
4226,WV
4227,WY
4228,WY
4229,WY
4230,WY
4231,AL
4232,AL
4233,AR
4234,CA
4235,FL
4236,GA
4237,IL
4238,IL
4239,IL
4240,IL
4241,MT
4242,MT
4243,MT
4244,TX
4245,TX
4246,WA
4247,WA
4248,WA
4249,WI
